1655212433.390272,3,144.5255889892578
1655212434.6142433,4,113.08074951171875
1655212446.969777,14,34.27181625366211
1655212448.1983101,15,31.784652709960938
1655212451.8776224,18,26.008150100708008
1655212453.1119676,19,24.780454635620117
1655212454.3518517,20,23.31674575805664
1655212456.8224347,22,20.605762481689453
1655212458.055191,23,19.645503997802734
1655212461.7247524,26,16.711145401000977
1655212462.9458473,27,15.99371337890625
1655212479.1506197,40,11.143898010253906
1655212487.835705,47,9.834148406982422
1655212489.062976,48,9.681412696838379
1655212490.2759645,49,9.539266586303711
1655212492.6965113,51,9.245601654052734
1655212496.4354405,54,8.8008394241333
1655212500.0950835,57,8.417439460754395
1655212503.7778811,60,8.081302642822266
1655212504.9956198,61,7.982461452484131
1655212506.2228823,62,7.89461612701416
1655212507.446538,63,7.799986839294434
1655212511.110678,66,7.562550067901611
1655212512.3196633,67,7.463858604431152
1655212513.5364034,68,7.365267276763916
1655212516.0302222,70,7.195006847381592
1655212517.2816877,71,7.118546485900879
1655212524.5959704,77,6.598559379577637
1655212530.7119818,82,6.023992538452148
1655212539.3122978,89,5.442344665527344
1655212551.6428907,99,4.841853141784668
1655212556.556704,103,4.661774635314941
1655212560.231943,106,4.5204691886901855
1655212561.4501982,107,4.479867458343506
1655212563.8914125,109,4.383027076721191
1655212572.4534698,116,4.074746608734131
1655212578.6165063,121,3.882005453109741
1655212583.4996936,125,3.7341370582580566
1655212584.7237973,126,3.691380739212036
1655212587.1910634,128,3.6175220012664795
1655212589.6427708,130,3.5661909580230713
1655212597.0531983,136,3.3923990726470947
1655212598.3012817,137,3.365725040435791
1655212606.8893,144,3.1551730632781982
1655212609.351605,146,3.1035799980163574
1655212610.5563715,147,3.0833189487457275
1655212614.2305734,150,3.007352113723755
1655212623.013528,157,2.860743761062622
1655212626.8001053,160,2.8061909675598145
1655212629.2790542,162,2.7659521102905273
1655212631.771127,164,2.7185816764831543
1655212639.3039584,170,2.6197853088378906
1655212640.5652726,171,2.604780673980713
1655212641.8193896,172,2.589902877807617
1655212648.1206238,177,2.5048105716705322
1655212656.883329,184,2.415566921234131
1655212658.1270337,185,2.403528928756714
1655212659.3728638,186,2.3907997608184814
1655212664.3752294,190,2.3464598655700684
1655212665.6251397,191,2.3359363079071045
1655212666.8666546,192,2.3257274627685547
1655212675.6100445,199,2.2378182411193848
1655212679.2885675,202,2.2004313468933105
1655212680.5129704,203,2.1889781951904297
1655212681.7413113,204,2.1777398586273193
1655212682.9665854,205,2.16715669631958
1655212685.4202883,207,2.1452136039733887
1655212690.388318,211,2.1047074794769287
1655212692.8502033,213,2.082953691482544
1655212695.3218884,215,2.0620338916778564
1655212700.3009381,219,2.0225632190704346
1655212701.5406795,220,2.0133302211761475
1655212702.767437,221,2.004556894302368
1655212706.4807286,224,1.9803928136825562
1655212712.5974884,229,1.9376904964447021
1655212724.9254162,239,1.8735345602035522
1655212731.1128302,244,1.8423787355422974
1655212732.3333864,245,1.8357349634170532
1655212733.5722053,246,1.829800009727478
1655212748.3667448,258,1.7516263723373413
1655212749.6231556,259,1.7446379661560059
1655212750.885102,260,1.735618233680725
1655212764.413696,271,1.6528677940368652
1655212768.1266315,274,1.6316605806350708
1655212770.5975015,276,1.6188740730285645
1655212773.1123388,278,1.606452226638794
1655212778.0536911,282,1.5826469659805298
1655212781.7378392,285,1.5658165216445923
1655212785.5006697,288,1.5446628332138062
1655212788.0216503,290,1.5325558185577393
1655212794.1854408,295,1.5036710500717163
1655212796.668699,297,1.4929598569869995
1655212797.911132,298,1.4879262447357178
1655212807.7794363,306,1.4443743228912354
1655212810.2397163,308,1.434605360031128
1655212815.1448758,312,1.4139900207519531
1655212820.0724509,316,1.3978791236877441
1655212822.5542986,318,1.3895845413208008
1655212823.7807016,319,1.3860334157943726
1655212827.4433048,322,1.3737200498580933
1655212846.023253,337,1.3028372526168823
1655212847.2951646,338,1.2978321313858032
1655212853.499237,343,1.277462363243103
1655212855.9624283,345,1.2700945138931274
1655212857.192535,346,1.2658897638320923
1655212864.5821733,352,1.2448828220367432
1655212867.0460916,354,1.238403558731079
1655212872.0161495,358,1.2259879112243652
1655212876.963182,362,1.212031602859497
1655212878.2228827,363,1.2091971635818481
1655212879.4718163,364,1.206238031387329
1655212880.7093372,365,1.2030407190322876
1655212881.931866,366,1.2001268863677979
1655212883.1567945,367,1.196810007095337
1655212896.7118795,378,1.1625723838806152
1655212906.6218233,386,1.1362472772598267
1655212911.5383136,390,1.121865153312683
1655212913.9933052,392,1.1158498525619507
1655212916.470403,394,1.1085606813430786
1655212920.1527712,397,1.1000430583953857
1655212926.397197,402,1.085681438446045
1655212928.8526154,404,1.0803637504577637
1655212934.9895334,409,1.0677095651626587
1655212941.1581721,414,1.0539159774780273
1655212942.4093733,415,1.0519615411758423
1655212949.8576963,421,1.038354754447937
1655212951.093228,422,1.0361578464508057
1655212954.7909036,425,1.030717134475708
1655212956.0058928,426,1.0287495851516724
1655212960.9263191,430,1.0192816257476807
1655212967.0695245,435,1.0062966346740723
1655212968.3040013,436,1.0039069652557373
1655212969.5313046,437,1.0016471147537231
1655212972.0055156,439,0.9958938956260681
1655212976.9588482,443,0.987531304359436
1655212978.1852484,444,0.9855382442474365
1655212980.6374514,446,0.9810798168182373
1655212985.5226574,450,0.9738702774047852
1655212987.9839945,452,0.9693086743354797
1655212992.922323,456,0.9608641266822815
1655212997.8673189,460,0.9539219737052917
1655212999.1280015,461,0.9520990252494812
1655213004.013843,465,0.9462894797325134
1655213005.234503,466,0.9447150826454163
1655213007.712969,468,0.9405634999275208
1655213010.1779156,470,0.9364468455314636
1655213015.0591764,474,0.9280062913894653
1655213016.2774243,475,0.9253665208816528
1655213022.4665365,480,0.912910521030426
1655213023.7150598,481,0.9110321998596191
1655213031.142663,487,0.8999255895614624
1655213032.3818448,488,0.8985622525215149
1655213033.5962481,489,0.8970006704330444
1655213039.746805,494,0.8867955207824707
1655213044.6358225,498,0.8803384900093079
1655213058.2386978,509,0.8593737483024597
1655213059.4657526,510,0.8579301238059998
1655213060.6884305,511,0.856265664100647
1655213061.9200604,512,0.8544022440910339
1655213063.138556,513,0.8530778884887695
1655213064.367226,514,0.8512917757034302
1655213068.0340369,517,0.8463963866233826
1655213069.2449548,518,0.844573438167572
1655213070.466795,519,0.8430002331733704
1655213087.7889419,533,0.8221608996391296
1655213089.0119145,534,0.8201894164085388
1655213091.4580188,536,0.8180555701255798
1655213092.6804876,537,0.8166701197624207
1655213093.9150248,538,0.8152626752853394
1655213096.3786178,540,0.8126133680343628
1655213098.848467,542,0.8096681833267212
1655213101.297157,544,0.8069871068000793
1655213103.7473798,546,0.8042843341827393
1655213104.987815,547,0.8031519651412964
1655213108.6871583,550,0.7989754676818848
1655213111.1726553,552,0.7964186072349548
1655213114.8444076,555,0.7920615673065186
1655213116.0956187,556,0.7908374071121216
1655213123.521233,562,0.7832972407341003
1655213124.7726953,563,0.7819031476974487
1655213125.9971476,564,0.7806182503700256
1655213130.915846,568,0.7762132287025452
1655213134.6096644,571,0.7730926275253296
1655213137.0625877,573,0.7709001302719116
1655213140.7792785,576,0.7677953243255615
1655213150.6629736,584,0.7591968178749084
1655213151.893603,585,0.7582731246948242
1655213155.5874422,588,0.7548838257789612
1655213158.025208,590,0.7524876594543457
1655213159.226353,591,0.7511844635009766
1655213162.8902326,594,0.7481663823127747
1655213165.349808,596,0.7461720108985901
1655213167.847841,598,0.7436776757240295
1655213169.0642195,599,0.7425286173820496
1655213172.8305736,602,0.739886999130249
1655213174.0666847,603,0.7391813397407532
1655213180.2049298,608,0.7338439226150513
1655213186.3367045,613,0.7285544276237488
1655213187.5755575,614,0.7275488972663879
1655213190.0497997,616,0.725270688533783
1655213194.9878333,620,0.7221673727035522
1655213197.4461865,622,0.7205336689949036
1655213198.6895995,623,0.7195518612861633
1655213202.38136,626,0.7162368893623352
1655213204.8339205,628,0.7143859267234802
1655213206.0607429,629,0.7134667634963989
1655213211.020921,633,0.709037184715271
1655213215.916988,637,0.7051264643669128
1655213219.563365,640,0.7024705410003662
1655213220.7948003,641,0.701516330242157
1655213222.017104,642,0.7004846334457397
1655213223.2751763,643,0.6996092200279236
1655213224.5291402,644,0.6988102197647095
1655213230.7984185,649,0.6941705942153931
1655213233.2760062,651,0.692727267742157
1655213234.5273108,652,0.6919419765472412
1655213236.9971175,654,0.689483642578125
1655213238.224392,655,0.6884583830833435
1655213241.9231653,658,0.6854660511016846
1655213244.3786726,660,0.6839802265167236
1655213253.1321435,667,0.677574634552002
1655213256.8555229,670,0.6746058464050293
1655213263.0810661,675,0.6699895262718201
1655213264.3286972,676,0.6691444516181946
1655213269.2896862,680,0.6656806468963623
1655213274.2721052,684,0.6627115607261658
1655213278.0264142,687,0.6603673100471497
1655213284.2430782,692,0.6565312147140503
1655213286.7091825,694,0.6547045707702637
1655213289.1555078,696,0.6528445482254028
1655213290.3840263,697,0.6520496010780334
1655213292.8566644,699,0.650316596031189
1655213296.5958529,702,0.6480033993721008
1655213300.3247678,705,0.6459128260612488
1655213306.4648287,710,0.6422383785247803
1655213312.571224,715,0.6391078233718872
1655213315.0384865,717,0.6376528143882751
1655213318.718918,720,0.6357812285423279
1655213319.963945,721,0.6352344155311584
1655213322.4174163,723,0.6339254379272461
1655213324.9291565,725,0.6326479911804199
1655213326.15866,726,0.6320724487304688
1655213328.618967,728,0.6307249665260315
1655213329.8493228,729,0.6300475001335144
1655213332.3374665,731,0.6289396286010742
1655213333.5785916,732,0.6285259127616882
1655213334.8196712,733,0.6281276345252991
1655213340.9552374,738,0.6254149675369263
1655213345.8671386,742,0.6232122778892517
1655213348.3284972,744,0.6220401525497437
1655213363.05314,756,0.6153544783592224
1655213365.5249984,758,0.6141871213912964
1655213372.9021757,764,0.6105647683143616
1655213374.149619,765,0.6100459694862366
1655213379.097229,769,0.6079910397529602
1655213382.782353,772,0.6061817407608032
1655213386.4650235,775,0.6038883328437805
1655213387.6930373,776,0.603070080280304
1655213390.1535618,778,0.6019716858863831
1655213391.3761544,779,0.601355791091919
1655213392.61382,780,0.6006932258605957
1655213395.072499,782,0.5992707014083862
1655213402.4992201,788,0.5956174731254578
1655213422.2649508,804,0.5860458612442017
1655213423.5376585,805,0.5853003859519958
1655213424.7813008,806,0.5844435095787048
1655213426.0205538,807,0.5838569402694702
1655213429.7327316,810,0.5821164846420288
1655213439.5685623,818,0.5775730609893799
1655213440.8112187,819,0.5770787596702576
1655213451.9698184,828,0.5722970366477966
1655213456.9626305,832,0.5704219937324524
1655213458.1964867,833,0.5699500441551208
1655213460.641603,835,0.5691032409667969
1655213461.8808208,836,0.5686194896697998
1655213465.5524738,839,0.5669832229614258
1655213466.7680714,840,0.5664483904838562
1655213470.459593,843,0.5647162199020386
1655213472.9134102,845,0.563730776309967
1655213479.073045,850,0.5611806511878967
1655213480.3103552,851,0.5606438517570496
1655213487.6491177,857,0.5574243068695068
1655213491.3392725,860,0.5559810996055603
1655213493.7823048,862,0.5550187826156616
1655213497.5016732,865,0.553554892539978
1655213498.7616334,866,0.5528978705406189
1655213503.7108808,870,0.5507504940032959
1655213504.9437535,871,0.5502640008926392
1655213520.9318864,884,0.5437228679656982
1655213523.3947484,886,0.5427179336547852
1655213528.3609462,890,0.5404955744743347
1655213530.8359263,892,0.5394948124885559
1655213534.514783,895,0.5380257368087769
1655213537.00012,897,0.5369237661361694
1655213538.2423565,898,0.5364908576011658
1655213541.913134,901,0.5352123975753784
1655213543.1393323,902,0.534683346748352
1655213549.3055942,907,0.5323701500892639
1655213550.5637283,908,0.5320576429367065
1655213553.1047454,910,0.5311657190322876
1655213554.3396406,911,0.5307164192199707
1655213562.9744055,918,0.5277913808822632
1655213564.1999202,919,0.5274276733398438
1655213566.6888044,921,0.526610255241394
1655213575.3342717,928,0.5234509706497192
1655213577.8682835,930,0.522500216960907
1655213579.131453,931,0.5220789313316345
1655213580.3728857,932,0.5215762257575989
1655213589.0068188,939,0.5184296369552612
1655213592.6634822,942,0.5170360207557678
1655213596.339774,945,0.5158445835113525
1655213601.3026056,949,0.5143952965736389
1655213604.9731257,952,0.5130082964897156
1655213608.6546144,955,0.5116241574287415
1655213614.7874923,960,0.5092048048973083
1655213618.4786024,963,0.5078238248825073
1655213620.95164,965,0.506872296333313
1655213623.4028528,967,0.5058203339576721
1655213624.664319,968,0.5053924918174744
1655213636.9932384,978,0.501663863658905
1655213638.2358358,979,0.5013750195503235
1655213641.9489255,982,0.5002738237380981
1655213646.8923798,986,0.4989555776119232
1655213651.8460176,990,0.49746230244636536
1655213654.3241363,992,0.4968143701553345
1655213656.796013,994,0.4959862530231476
1655213659.2575352,996,0.49525734782218933
1655213662.931153,999,0.4939137399196625
1655213666.6183388,1002,0.4927524924278259
1655213667.8482633,1003,0.49235057830810547
1655213669.0678055,1004,0.4918230473995209
1655213671.538665,1006,0.4909585118293762
1655213677.7447734,1011,0.4885178506374359
1655213680.2393892,1013,0.4875733554363251
1655213682.7191565,1015,0.48651179671287537
1655213691.3224585,1022,0.4835589528083801
1655213696.2385254,1026,0.48222675919532776
1655213698.688947,1028,0.48150596022605896
1655213707.3069217,1035,0.4790956377983093
1655213708.5408573,1036,0.4787403345108032
1655213709.7615018,1037,0.4784945547580719
1655213711.0034473,1038,0.4781044125556946
1655213712.219953,1039,0.47765016555786133
1655213717.1411521,1043,0.4760550260543823
1655213720.8479168,1046,0.47501593828201294
1655213733.1296668,1056,0.4715467095375061
1655213735.6216326,1058,0.4706670641899109
1655213738.0951602,1060,0.47001832723617554
1655213740.5861433,1062,0.4691334664821625
1655213744.3298168,1065,0.4682811498641968
1655213746.8306246,1067,0.46783411502838135
1655213749.3246593,1069,0.4673645794391632
1655213750.5925133,1070,0.4671148359775543
1655213751.8419528,1071,0.46679604053497314
1655213753.0827842,1072,0.46641257405281067
1655213754.3265462,1073,0.46608656644821167
1655213759.3095832,1077,0.4649137854576111
1655213763.001192,1080,0.46398118138313293
1655213769.1611595,1085,0.46252331137657166
1655213770.4050744,1086,0.4622224271297455
1655213771.646801,1087,0.46196722984313965
1655213776.6403263,1091,0.4608393907546997
1655213785.3889568,1098,0.4583699703216553
1655213790.3459048,1102,0.45727860927581787
1655213791.5854037,1103,0.4569903016090393
1655213792.8269536,1104,0.4567112922668457
1655213796.5253174,1107,0.45586156845092773
1655213798.992722,1109,0.45519694685935974
1655213801.5020149,1111,0.4544629752635956
1655213802.7602365,1112,0.45414069294929504
1655213805.2262158,1114,0.4536507725715637
1655213811.4116952,1119,0.4522444009780884
1655213813.8371723,1121,0.45183053612709045
1655213815.0633855,1122,0.4516521394252777
1655213818.7296474,1125,0.4508934020996094
1655213819.9518325,1126,0.45050978660583496
1655213822.3742907,1128,0.4499673545360565
1655213823.6125698,1129,0.4496990144252777
1655213827.3081048,1132,0.4490303695201874
1655213829.7531567,1134,0.44856542348861694
1655213832.213388,1136,0.4481283128261566
1655213835.8918955,1139,0.44732990860939026
1655213844.4199007,1146,0.4458710253238678
1655213849.2865596,1150,0.4450150728225708
1655213850.5319512,1151,0.44481754302978516
1655213851.751999,1152,0.44463562965393066
1655213863.8860297,1162,0.44207221269607544
1655213866.3262022,1164,0.4416203200817108
1655213870.0140572,1167,0.4408087730407715
1655213878.5281482,1174,0.4390171468257904
1655213880.9429426,1176,0.43847641348838806
1655213882.15496,1177,0.43826982378959656
1655213883.3686974,1178,0.43807274103164673
1655213888.277576,1182,0.43711283802986145
1655213890.736169,1184,0.43672889471054077
1655213893.1897829,1186,0.4363395571708679
1655213896.8748236,1189,0.43579331040382385
1655213901.8148167,1193,0.435010701417923
1655213903.0534728,1194,0.4347905218601227
1655213906.777607,1197,0.4341020882129669
1655213916.5799043,1205,0.43232131004333496
1655213917.797259,1206,0.4321210980415344
1655213919.0160263,1207,0.4319365620613098
1655213927.5390265,1214,0.43043673038482666
1655213932.4487975,1218,0.4296770989894867
1655213938.5466383,1223,0.4286492168903351
1655213940.989229,1225,0.42825421690940857
1655213945.86306,1229,0.42740851640701294
1655213949.519087,1232,0.4266729950904846
1655213957.0069597,1238,0.4252960681915283
1655213964.3014603,1244,0.42378708720207214
1655213966.75245,1246,0.4232975244522095
1655213970.4179294,1249,0.422500878572464
1655213971.6421912,1250,0.42226964235305786
1655213972.872502,1251,0.4220481812953949
1655213974.0848663,1252,0.421814888715744
1655213976.5718422,1254,0.42150935530662537
1655213979.0321898,1256,0.42111295461654663
1655213980.2667055,1257,0.42092621326446533
1655213983.8947277,1260,0.42033615708351135
1655213985.1038475,1261,0.4201473891735077
1655213992.4264836,1267,0.41903936862945557
1655213997.2499301,1271,0.4183858036994934
1655214003.3672762,1276,0.41753339767456055
1655214004.5775127,1277,0.41737866401672363
1655214005.790708,1278,0.41710519790649414
1655214010.6520488,1282,0.4162962734699249
1655214014.2998846,1285,0.4156947433948517
1655214020.3893123,1290,0.4147343337535858
1655214024.0176494,1293,0.4140841066837311
1655214030.1025827,1298,0.41287896037101746
1655214031.336005,1299,0.4125654995441437
1655214034.9895997,1302,0.41168200969696045
1655214039.8736777,1306,0.4107030928134918
1655214044.7392857,1310,0.40976643562316895
1655214050.8766987,1315,0.4087386131286621
1655214057.0628486,1320,0.4078819453716278
1655214059.5174782,1322,0.4075002372264862
1655214063.1588943,1325,0.4069845676422119
1655214064.371006,1326,0.4067818224430084
1655214066.7995193,1328,0.40638279914855957
1655214075.282631,1335,0.40515968203544617
1655214087.5863388,1345,0.40362057089805603
1655214091.266427,1348,0.40318793058395386
1655214098.550221,1354,0.4021991789340973
1655214105.8222358,1360,0.40120527148246765
1655214110.6972933,1364,0.40062281489372253
1655214111.9128494,1365,0.40042805671691895
1655214113.131051,1366,0.40019381046295166
1655214114.3398836,1367,0.39998602867126465
1655214115.5709355,1368,0.399815171957016
1655214124.0466604,1375,0.3984179198741913
1655214125.2538946,1376,0.39824560284614563
1655214130.1895978,1380,0.39753100275993347
1655214137.5520966,1386,0.3967423141002655
1655214142.4150298,1390,0.3959593176841736
1655214146.044962,1393,0.39532050490379333
1655214150.884595,1397,0.39459797739982605
1655214175.0670187,1417,0.3909975290298462
1655214179.9358935,1421,0.39025750756263733
1655214192.1309357,1431,0.3886129856109619
1655214198.1825852,1436,0.38797587156295776
1655214200.5927637,1438,0.3876042068004608
1655214201.8195484,1439,0.38744330406188965
1655214203.0424738,1440,0.3872692584991455
1655214204.2736406,1441,0.3870813846588135
1655214213.9636865,1449,0.3855108320713043
1655214216.4002638,1451,0.38508567214012146
1655214221.2426763,1455,0.38432008028030396
1655214223.648628,1457,0.3839122951030731
1655214224.8589783,1458,0.38375571370124817
1655214227.2961748,1460,0.3834112882614136
1655214228.4933813,1461,0.3832230865955353
1655214243.0494483,1473,0.38126614689826965
1655214244.237282,1474,0.3811148405075073
1655214246.6279194,1476,0.38073596358299255
1655214255.1900754,1483,0.37963515520095825
1655214260.063532,1487,0.37892869114875793
1655214263.7165327,1490,0.3783665597438812
1655214268.569036,1494,0.37760716676712036
1655214273.3513026,1498,0.3769685626029968
1655214274.5592482,1499,0.37681302428245544
1655214278.247672,1502,0.3763076961040497
1655214286.7887166,1509,0.3750332295894623
1655214288.0095837,1510,0.37487655878067017
1655214289.2141132,1511,0.3747327923774719
1655214291.6533775,1513,0.3743351399898529
1655214294.059806,1515,0.3739728033542633
1655214295.2890348,1516,0.37385115027427673
1655214309.8344657,1528,0.3718734681606293
1655214317.1386929,1534,0.3706648349761963
1655214320.7374744,1537,0.37021827697753906
1655214321.9432802,1538,0.37006932497024536
1655214325.5592992,1541,0.3696443736553192
1655214334.1776783,1548,0.36845558881759644
1655214337.813705,1551,0.36791226267814636
1655214339.0215366,1552,0.36779314279556274
1655214340.229327,1553,0.36766597628593445
1655214351.114156,1562,0.3664332628250122
1655214354.8158097,1565,0.366026371717453
1655214356.0523684,1566,0.3658437430858612
1655214358.5047042,1568,0.36557117104530334
1655214362.1511433,1571,0.36520805954933167
1655214363.3469238,1572,0.3650621771812439
1655214364.5496795,1573,0.36488962173461914
1655214368.1588209,1576,0.3644852042198181
1655214372.975378,1580,0.36398181319236755
1655214379.0438833,1585,0.36329397559165955
1655214390.997753,1595,0.36202794313430786
1655214392.1987438,1596,0.36190876364707947
1655214393.4051747,1597,0.3617941737174988
1655214398.2406595,1601,0.3613714873790741
1655214399.440118,1602,0.3612358868122101
1655214400.6328204,1603,0.36113259196281433
1655214410.34737,1611,0.36022672057151794
1655214429.4851966,1627,0.35854485630989075
1655214434.2884831,1631,0.35811686515808105
1655214439.0673351,1635,0.3576415777206421
1655214441.4597328,1637,0.35740402340888977
1655214445.0307214,1640,0.3570813536643982
1655214446.2270503,1641,0.35699573159217834
1655214452.2657106,1646,0.35637935996055603
1655214453.4824762,1647,0.3562764823436737
1655214458.2886515,1651,0.355730801820755
1655214461.8780828,1654,0.35538411140441895
1655214464.2731009,1656,0.35511845350265503
1655214471.4387956,1662,0.3542591333389282
1655214476.2187986,1666,0.35383927822113037
1655214480.9929106,1670,0.35335472226142883
1655214485.8069677,1674,0.35284775495529175
1655214489.4325042,1677,0.352471262216568
1655214491.854947,1679,0.35225576162338257
1655214499.080896,1685,0.35157251358032227
1655214500.270744,1686,0.35148003697395325
1655214501.4629245,1687,0.3513777554035187
1655214502.6919281,1688,0.3512895405292511
1655214508.7351873,1693,0.3507107198238373
1655214509.9321964,1694,0.3506200611591339
1655214511.1236866,1695,0.35052818059921265
1655214519.4965496,1702,0.349727988243103
1655214521.900186,1704,0.34948059916496277
1655214525.485262,1707,0.3491733968257904
1655214527.8945732,1709,0.3489847481250763
1655214529.0995133,1710,0.3488655686378479
1655214530.310292,1711,0.3487398624420166
1655214531.5195153,1712,0.34863701462745667
1655214538.7239952,1718,0.3480062484741211
1655214543.4933784,1722,0.34754931926727295
1655214544.6949282,1723,0.34741875529289246
1655214545.890474,1724,0.34726712107658386
1655214547.095788,1725,0.3471740782260895
1655214553.1009178,1730,0.34669971466064453
1655214562.6737177,1738,0.3458150029182434
1655214563.865236,1739,0.3456818163394928
1655214568.631904,1743,0.34521621465682983
1655214571.0135643,1745,0.34501099586486816
1655214577.017897,1750,0.3445577919483185
1655214580.6673532,1753,0.34424716234207153
1655214581.8737636,1754,0.34416067600250244
1655214595.015903,1765,0.34300094842910767
1655214606.9821956,1775,0.34199750423431396
1655214609.3641076,1777,0.3418165445327759
1655214612.9342022,1780,0.34145587682724
1655214617.7199178,1784,0.34096071124076843
1655214618.9174688,1785,0.34087103605270386
1655214620.11207,1786,0.34077975153923035
1655214623.6793892,1789,0.3404645621776581
1655214627.26189,1792,0.34015995264053345
1655214632.0403395,1796,0.3397403061389923
1655214636.8028564,1800,0.33939099311828613
1655214639.2030528,1802,0.3391851782798767
1655214646.3489194,1808,0.3387373089790344
1655214648.7430239,1810,0.33856865763664246
1655214659.4855027,1819,0.3377877473831177
1655214664.23624,1823,0.33744996786117554
1655214667.803374,1826,0.3371606469154358
1655214668.9881496,1827,0.33705487847328186
1655214671.3756683,1829,0.33687925338745117
1655214672.5640135,1830,0.3367979824542999
1655214674.945538,1832,0.3366182744503021
1655214679.7157085,1836,0.33629488945007324
1655214682.1067321,1838,0.3361619710922241
1655214690.4815345,1845,0.33557599782943726
1655214692.8761322,1847,0.3354071080684662
1655214694.0598032,1848,0.3353331685066223
1655214697.6276145,1851,0.3351065516471863
1655214708.3673913,1860,0.33452627062797546
1655214714.3944511,1865,0.33406707644462585
1655214715.6033294,1866,0.33398333191871643
1655214716.826144,1867,0.3338890075683594
1655214722.8101392,1872,0.33345234394073486
1655214725.1842248,1874,0.3332732021808624
1655214732.3796265,1880,0.3329280912876129
1655214735.9666166,1883,0.33272799849510193
1655214737.1490784,1884,0.33262911438941956
1655214739.53157,1886,0.33246034383773804
1655214741.911764,1888,0.33226248621940613
1655214744.2999065,1890,0.33211344480514526
1655214750.2669392,1895,0.3317566514015198
1655214755.0189056,1899,0.3314575254917145
1655214758.5806367,1902,0.33120861649513245
1655214765.7243783,1908,0.3307438790798187
1655214766.9172397,1909,0.33069121837615967
1655214768.094563,1910,0.33061155676841736
1655214771.657378,1913,0.33034950494766235
1655214777.5877588,1918,0.32999423146247864
1655214784.7779346,1924,0.32954078912734985
1655214785.968324,1925,0.32944315671920776
1655214797.8756645,1935,0.32869794964790344
1655214799.0655596,1936,0.32862377166748047
1655214803.8600976,1940,0.328293114900589
1655214805.0668592,1941,0.32822883129119873
1655214806.266092,1942,0.3281446397304535
1655214809.8270044,1945,0.32792237401008606
1655214812.214377,1947,0.3277595043182373
1655214815.7881937,1950,0.3276001214981079
1655214819.37251,1953,0.32736364006996155
1655214822.9446065,1956,0.3271481692790985
1655214827.70696,1960,0.3267512917518616
1655214828.9128675,1961,0.32664430141448975
1655214830.1100988,1962,0.32653114199638367
1655214831.305708,1963,0.3263966143131256
1655214832.4979289,1964,0.32628610730171204
1655214834.8756728,1966,0.32607007026672363
1655214836.0659676,1967,0.32597461342811584
1655214837.2512178,1968,0.32588452100753784
1655214847.9298153,1977,0.3250303864479065
1655214850.3147326,1979,0.32489636540412903
1655214852.7006617,1981,0.32474279403686523
1655214859.905757,1987,0.32418322563171387
1655214861.1004393,1988,0.324098140001297
1655214864.684791,1991,0.3238665759563446
1655214895.547049,2017,0.3215291500091553
1655214900.3059385,2021,0.3212742209434509
1655214901.485447,2022,0.3212048411369324
1655214906.2625244,2026,0.32095327973365784
1655214908.626568,2028,0.32082465291023254
1655214912.1929028,2031,0.3205908536911011
1655214916.9235365,2035,0.32026252150535583
1655214918.1074598,2036,0.32021716237068176
1655214922.8552883,2040,0.32000139355659485
1655214926.4371753,2043,0.31986650824546814
1655214931.176991,2047,0.31967613101005554
1655214939.49032,2054,0.3192271888256073
1655214940.6725836,2055,0.3191675543785095
1655214941.8597558,2056,0.3191111981868744
1655214954.9608774,2067,0.31843528151512146
1655214956.1456313,2068,0.31837427616119385
1655214958.5070786,2070,0.3182447552680969
1655214963.2566433,2074,0.31797125935554504
1655214969.1868758,2079,0.31763097643852234
1655214977.4589386,2086,0.3172200918197632
1655214978.6607027,2087,0.31713661551475525
1655214981.0978045,2089,0.31699812412261963
1655214983.4581025,2091,0.3168681263923645
1655214988.210809,2095,0.31661438941955566
1655214990.569535,2097,0.3164909780025482
1655214991.7554703,2098,0.31641969084739685
1655214994.1285684,2100,0.3162911534309387
1655214997.6855388,2103,0.31606465578079224
1655215000.0497158,2105,0.31592100858688354
1655215004.8025496,2109,0.31560689210891724
1655215005.9951363,2110,0.31551820039749146
1655215010.741181,2114,0.31515729427337646
1655215011.924655,2115,0.31507521867752075
1655215016.6729248,2119,0.31475844979286194
1655215017.8543377,2120,0.31466245651245117
1655215021.4251719,2123,0.31442293524742126
1655215022.619901,2124,0.31437352299690247
1655215026.1776237,2127,0.3141425848007202
1655215035.6579645,2135,0.31351298093795776
1655215036.8436825,2136,0.31343328952789307
1655215040.4134612,2139,0.3132016062736511
1655215045.1561124,2143,0.3129526674747467
1655215052.2849097,2149,0.3125409483909607
1655215064.305811,2159,0.3119259178638458
1655215067.8537443,2162,0.3117302358150482
1655215076.149599,2169,0.31126463413238525
1655215084.464879,2176,0.3107262849807739
1655215097.503362,2187,0.31011560559272766
1655215099.8730838,2189,0.3100035488605499
1655215105.8256183,2194,0.3096395432949066
1655215111.7520285,2199,0.30923840403556824
1655215114.140141,2201,0.3091159760951996
1655215116.510346,2203,0.3089560270309448
1655215123.6565762,2209,0.30854353308677673
1655215126.0336602,2211,0.3084340989589691
1655215127.2245982,2212,0.30838748812675476
1655215129.6182532,2214,0.3082769215106964
1655215130.8248737,2215,0.3082156181335449
1655215137.9920769,2221,0.307842493057251
1655215142.745684,2225,0.3075941801071167
1655215145.113778,2227,0.30744603276252747
1655215155.7727683,2236,0.306898295879364
1655215159.3376026,2239,0.30674731731414795
1655215162.8836792,2242,0.30655747652053833
1655215165.2404137,2244,0.30641672015190125
1655215177.1168082,2254,0.30580583214759827
1655215180.6823812,2257,0.3055972754955292
1655215181.8621306,2258,0.30552712082862854
1655215188.958502,2264,0.30516698956489563
1655215192.5140262,2267,0.3049670159816742
1655215203.1726606,2276,0.3044886887073517
1655215208.0098767,2280,0.3042210638523102
1655215209.1861217,2281,0.3041552007198334
1655215222.2305152,2292,0.3034754991531372
1655215231.767425,2300,0.30287569761276245
1655215237.7012422,2305,0.3025725781917572
1655215238.8786623,2306,0.3025164008140564
1655215244.8007386,2311,0.302265465259552
1655215250.7089546,2316,0.3019680082798004
1655215254.2524612,2319,0.30176493525505066
1655215260.1778536,2324,0.30145180225372314
1655215267.2837489,2330,0.30105239152908325
1655215269.6528425,2332,0.30093902349472046
1655215273.1964834,2335,0.3007557690143585
1655215279.1470475,2340,0.30043521523475647
1655215281.5523293,2342,0.3003288507461548
1655215282.7358055,2343,0.3002813756465912
1655215283.9251575,2344,0.30023127794265747
1655215286.3034775,2346,0.3001277446746826
1655215293.408899,2352,0.29976895451545715
1655215299.3356543,2357,0.299484521150589
1655215301.6985297,2359,0.2993994355201721
1655215312.3746808,2368,0.29893866181373596
1655215315.9312181,2371,0.29877105355262756
1655215318.2893875,2373,0.29862770438194275
1655215324.236441,2378,0.2983085513114929
1655215331.345506,2384,0.2980585992336273
1655215337.262665,2389,0.29781052470207214
1655215339.6175122,2391,0.2976965308189392
1655215341.976039,2393,0.29759106040000916
1655215343.1524894,2394,0.297535240650177
1655215346.6997128,2397,0.2973565459251404
1655215347.8773122,2398,0.29726457595825195
1655215364.453657,2412,0.2965169847011566
1655215368.0127025,2415,0.2963741421699524
1655215383.4260702,2428,0.29568663239479065
1655215386.970859,2431,0.29552266001701355
1655215391.7211545,2435,0.2952343225479126
1655215392.9114537,2436,0.2951538562774658
1655215396.473781,2439,0.2950044870376587
1655215398.8493645,2441,0.29488319158554077
1655215400.0325124,2442,0.2948058545589447
1655215407.1331148,2448,0.29446011781692505
1655215414.24417,2454,0.29407843947410583
1655215423.710142,2462,0.2936399281024933
1655215426.088172,2464,0.2935667634010315
1655215427.2719097,2465,0.2935194969177246
1655215432.0254817,2469,0.2933480143547058
1655215436.7530632,2473,0.29312077164649963
1655215439.110837,2475,0.2930038571357727
1655215441.467849,2477,0.2929266691207886
1655215449.7463975,2484,0.29262644052505493
1655215450.9284236,2485,0.29254651069641113
1655215455.6697729,2489,0.2922792434692383
1655215460.420371,2493,0.2920877933502197
1655215466.3366027,2498,0.2918318212032318
1655215467.5186787,2499,0.29177242517471313
1655215468.7037003,2500,0.2917264997959137
1655215472.2487872,2503,0.2916182279586792
1655215474.6015434,2505,0.2915199100971222
1655215475.7769828,2506,0.2914731204509735
1655215478.132554,2508,0.2913697063922882
1655215480.5033157,2510,0.2913011312484741
1655215484.114767,2513,0.2911577820777893
1655215488.8467865,2517,0.29097017645835876
1655215490.0262904,2518,0.2909071743488312
1655215491.2001657,2519,0.2908584475517273
1655215493.562405,2521,0.2907615303993225
1655215495.9267297,2523,0.29064592719078064
1655215501.8513994,2528,0.29035475850105286
1655215504.2132504,2530,0.2902514934539795
1655215505.401558,2531,0.2902088165283203
1655215513.7021563,2538,0.2897874712944031
1655215516.0681086,2540,0.2896980941295624
1655215519.6166475,2543,0.28954723477363586
1655215532.7051153,2554,0.2890729308128357
1655215545.6898792,2565,0.2885313332080841
1655215546.8675084,2566,0.2884831726551056
1655215549.2221696,2568,0.2883761525154114
1655215557.5565486,2575,0.28797030448913574
1655215559.9240546,2577,0.2878740429878235
1655215561.1068087,2578,0.28781163692474365
1655215567.0237975,2583,0.2876167297363281
1655215568.1996245,2584,0.2875753343105316
1655215569.3835535,2585,0.2875308096408844
1655215572.9281762,2588,0.28742313385009766
1655215574.1111958,2589,0.2873903214931488
1655215577.6668823,2592,0.28727054595947266
1655215584.7880476,2598,0.2869890630245209
1655215585.96838,2599,0.28692349791526794
1655215588.34841,2601,0.28681400418281555
1655215590.7075925,2603,0.28664061427116394
1655215593.0818114,2605,0.2865256667137146
1655215594.261751,2606,0.2864742577075958
1655215607.2514539,2617,0.2858687937259674
1655215608.4344666,2618,0.28578829765319824
1655215609.614009,2619,0.28572598099708557
1655215619.101349,2627,0.2852920889854431
1655215620.2845917,2628,0.285234659910202
1655215626.174465,2633,0.284984290599823
1655215627.355413,2634,0.2849232256412506
1655215628.539742,2635,0.2848970890045166
1655215629.7184215,2636,0.28486505150794983
1655215632.07101,2638,0.28475865721702576
1655215633.2502613,2639,0.2847001254558563
1655215634.423583,2640,0.28463876247406006
1655215637.9700584,2643,0.28442639112472534
1655215650.9968445,2654,0.2836611270904541
1655215658.110743,2660,0.28326112031936646
1655215660.4833488,2662,0.2831057012081146
1655215669.9297864,2670,0.28256699442863464
1655215671.1105833,2671,0.2825115919113159
1655215672.2915933,2672,0.28245824575424194
1655215674.6503618,2674,0.2823016941547394
1655215682.9486673,2681,0.28188759088516235
1655215686.5362704,2684,0.2816857099533081
1655215688.902556,2686,0.28152814507484436
1655215692.457474,2689,0.2813330590724945
1655215694.8303478,2691,0.28122565150260925
1655215697.1944835,2693,0.2810854911804199
1655215707.8606162,2702,0.280621200799942
1655215710.2406259,2704,0.2804638147354126
1655215712.6120164,2706,0.28031548857688904
1655215714.977817,2708,0.28017765283584595
1655215717.3360128,2710,0.2800388038158417
1655215719.7054954,2712,0.279935359954834
1655215720.8860345,2713,0.2798563838005066
1655215725.6166546,2717,0.27958211302757263
1655215726.8059273,2718,0.2795374095439911
1655215727.9910514,2719,0.2795153856277466
1655215733.9275699,2724,0.27924636006355286
1655215735.1113482,2725,0.2791745960712433
1655215737.4752803,2727,0.2790568470954895
1655215739.8350039,2729,0.2789514362812042
1655215741.0081143,2730,0.27886536717414856
1655215745.7308629,2734,0.2785482108592987
1655215746.906243,2735,0.27845466136932373
1655215751.636134,2739,0.2781372368335724
1655215752.8158891,2740,0.27804693579673767
1655215753.9993534,2741,0.27799326181411743
1655215755.1796947,2742,0.27791017293930054
1655215757.5464172,2744,0.2777842581272125
1655215758.731742,2745,0.2776990830898285
1655215759.919116,2746,0.2776228189468384
1655215768.1712205,2753,0.27721020579338074
1655215769.345199,2754,0.2771526277065277
1655215770.52416,2755,0.2770937383174896
1655215776.4441285,2760,0.27677521109580994
1655215777.6282613,2761,0.2767029404640198
1655215782.3787935,2765,0.2763901650905609
1655215785.9182055,2768,0.27619126439094543
1655215789.4700835,2771,0.2760164141654968
1655215791.837772,2773,0.2758864760398865
1655215794.1893754,2775,0.2757863402366638
1655215796.5524504,2777,0.2756791412830353
1655215797.7323785,2778,0.27561983466148376
1655215798.9269693,2779,0.27555611729621887
1655215804.823807,2784,0.2753213942050934
1655215806.0008154,2785,0.275274395942688
1655215820.1881456,2797,0.2746107280254364
1655215822.5572355,2799,0.2745180130004883
1655215830.833809,2806,0.2741827964782715
1655215837.9176404,2812,0.27384161949157715
1655215839.1123128,2813,0.2737736701965332
1655215852.1226983,2824,0.27318036556243896
1655215853.30488,2825,0.2730969786643982
1655215863.9387953,2834,0.2725280821323395
1655215866.2942636,2836,0.27241355180740356
1655215868.641059,2838,0.272335946559906
1655215872.1742208,2841,0.27214154601097107
1655215874.5237842,2843,0.2720348536968231
1655215875.6961129,2844,0.2719712555408478
1655215879.2187798,2847,0.27175194025039673
1655215883.9684253,2851,0.27144870162010193
1655215885.1597197,2852,0.2713775336742401
1655215891.122881,2857,0.2710648477077484
1655215893.467827,2859,0.27093935012817383
1655215895.8216546,2861,0.2708212733268738
1655215896.9991817,2862,0.27077198028564453
1655215901.7165196,2866,0.27053672075271606
1655215904.0789137,2868,0.27041587233543396
1655215907.620174,2871,0.270264595746994
1655215917.0743294,2879,0.2698622941970825
1655215919.4311655,2881,0.2697140574455261
1655215920.6057165,2882,0.2696585953235626
1655215922.9582233,2884,0.26954448223114014
1655215928.8427205,2889,0.2692585289478302
1655215931.2037501,2891,0.26916271448135376
1655215933.555753,2893,0.26906269788742065
1655215935.9025772,2895,0.26893702149391174
1655215940.6217093,2899,0.2687402665615082
1655215945.3224592,2903,0.2685472071170807
1655215946.5025053,2904,0.2685008645057678
1655215954.7540367,2911,0.26818159222602844
1655215955.9260588,2912,0.2681446373462677
1655215958.2742646,2914,0.2680543065071106
1655215959.4427469,2915,0.2680058181285858
1655215962.9753716,2918,0.26786842942237854
1655215965.3377185,2920,0.26776599884033203
1655215966.5093026,2921,0.267727255821228
1655215967.685725,2922,0.26766762137413025
1655215970.0530932,2924,0.2675764262676239
1655215977.1637123,2930,0.2672503590583801
1655215981.948101,2934,0.2670455276966095
1655215983.1484513,2935,0.26700544357299805
1655215999.9080846,2949,0.26632848381996155
1655216003.4974818,2952,0.2661944627761841
1655216007.0937774,2955,0.2660471200942993
1655216010.658712,2958,0.26590055227279663
1655216015.3842065,2962,0.2657445967197418
1655216018.9332385,2965,0.2656235098838806
1655216020.1193306,2966,0.26557740569114685
1655216021.3054135,2967,0.26552775502204895
1655216028.4123638,2973,0.26529258489608765
1655216034.414763,2978,0.2650977075099945
1655216035.609994,2979,0.2650476396083832
1655216036.80891,2980,0.2649889886379242
1655216041.6031065,2984,0.2648152709007263
1655216043.9951036,2986,0.26471370458602905
1655216045.1873474,2987,0.264678955078125
1655216052.3353887,2993,0.26439881324768066
1655216055.8797536,2996,0.2642775774002075
1655216058.2374976,2998,0.2642073631286621
1655216059.4231722,2999,0.26416289806365967
1655216061.7888014,3001,0.2640640437602997
1655216062.96427,3002,0.26401814818382263
1655216065.3227654,3004,0.2639354169368744
1655216068.8615565,3007,0.2638210654258728
1655216072.4164963,3010,0.26370877027511597
1655216081.8790536,3018,0.26340165734291077
1655216083.057733,3019,0.2633540630340576
1655216088.9463582,3024,0.26314640045166016
1655216093.6667137,3028,0.26296529173851013
1655216094.846499,3029,0.26291313767433167
1655216100.7491055,3034,0.26271095871925354
1655216113.0322971,3046,0.2620212137699127
1655216114.0263133,3047,0.2619646191596985
1655216115.0862284,3048,0.2619209289550781
1655216116.1400876,3049,0.261871874332428
1655216117.1374578,3050,0.2618149220943451
1655216122.2467358,3055,0.2615596354007721
1655216126.2519681,3059,0.2613460421562195
1655216133.3350768,3066,0.26094716787338257
1655216135.4373667,3068,0.2608547806739807
1655216136.452799,3069,0.2608039379119873
1655216141.5720725,3074,0.260540246963501
1655216144.7564132,3077,0.26035261154174805
1655216149.8148088,3082,0.26010847091674805
1655216150.796745,3083,0.26005685329437256
1655216151.7917638,3084,0.26001131534576416
1655216152.8427043,3085,0.25995951890945435
1655216153.8352203,3086,0.25989964604377747
1655216157.8740711,3090,0.2596951425075531
1655216161.9535127,3094,0.2594814896583557
1655216164.0120347,3096,0.2593623995780945
1655216167.0730236,3099,0.25912728905677795
1655216171.0965097,3103,0.25890859961509705
1655216172.1772752,3104,0.25884273648262024
1655216173.2157245,3105,0.25878462195396423
1655216175.2144082,3107,0.25867611169815063
1655216179.3276188,3111,0.25845834612846375
1655216180.3634121,3112,0.2583903670310974
1655216182.464019,3114,0.25825434923171997
1655216183.5242815,3115,0.2582048773765564
1655216187.65253,3119,0.25797221064567566
1655216188.6526115,3120,0.25791066884994507
1655216189.6677806,3121,0.2578606903553009
1655216194.7710183,3126,0.2575635313987732
1655216195.7823431,3127,0.2574978172779083
1655216196.8863595,3128,0.2574407160282135
1655216207.056861,3138,0.25676608085632324
1655216208.1198366,3139,0.25669702887535095
1655216212.1686413,3143,0.25640836358070374
1655216214.1395218,3145,0.2563139498233795
1655216219.3296936,3150,0.25597015023231506
1655216221.5619066,3152,0.25583913922309875
1655216224.554508,3155,0.25566017627716064
1655216226.602009,3157,0.2555365562438965
1655216236.6776128,3167,0.254932165145874
1655216239.7308495,3170,0.25475314259529114
1655216242.846082,3173,0.25457096099853516
1655216246.9868205,3177,0.2543637752532959
1655216248.013485,3178,0.2542991638183594
1655216251.1227033,3181,0.25412487983703613
1655216257.1835916,3187,0.2537851333618164
1655216260.3675346,3190,0.25362658500671387
1655216262.4773355,3192,0.25352638959884644
1655216267.55467,3197,0.2532837390899658
1655216269.6219923,3199,0.2531832456588745
1655216273.6495512,3203,0.2529743015766144
1655216274.6576433,3204,0.2529200613498688
1655216280.8113904,3210,0.2526169717311859
1655216282.8240838,3212,0.25251492857933044
1655216286.9094484,3216,0.2523385286331177
1655216287.9506485,3217,0.2522929608821869
1655216290.0915334,3219,0.25219228863716125
1655216291.0951068,3220,0.2521568536758423
1655216292.1074371,3221,0.2521075904369354
